id,name,email,profession,created_date,age,location,phone
1,Jessica Thomas,jessica.thomas@example.com,Programmer,2022-05-25,36,"Philadelphia, PA",605-954-8086
2,David Rodriguez,david.rodriguez@example.com,Civil Engineer,2023-09-03,55,"Boston, MA",871-525-5044
3,Nancy Garcia,nancy.garcia@example.com,Medical Doctor,2023-08-14,54,"Austin, TX",699-563-5687
4,David Johnson,david.johnson@example.com,Auditor,2023-09-07,57,"Fort Worth, TX",323-898-8718
5,Matthew Smith,matthew.smith@example.com,Structural Engineer,2023-01-08,46,"Denver, CO",774-816-5090
6,Elizabeth Jones,elizabeth.jones@example.com,Investment Analyst,2023-07-15,41,"Austin, TX",588-805-4473
7,Robert Hernandez,robert.hernandez@example.com,General Practitioner,2022-03-31,55,"Fort Worth, TX",435-873-3744
8,David Miller,david.miller@example.com,HR Manager,2022-07-07,52,"Austin, TX",655-906-8601
9,Jessica Johnson,jessica.johnson@example.com,College Professor,2023-01-08,55,"Los Angeles, CA",642-948-7663
10,Robert Wilson,robert.wilson@example.com,General Practitioner,2023-07-29,58,"Los Angeles, CA",949-610-5846
11,William Miller,william.miller@example.com,Medical Doctor,2023-06-27,48,"Seattle, WA",400-541-2154
12,Joseph Anderson,joseph.anderson@example.com,Brand Manager,2022-11-17,43,"Columbus, OH",666-477-2306
13,Patricia Hernandez,patricia.hernandez@example.com,Marketing Analyst,2023-09-11,28,"Denver, CO",456-324-8392
14,Barbara Davis,barbara.davis@example.com,Program Manager,2022-02-02,61,"Boston, MA",319-437-2029
15,Christopher Miller,christopher.miller@example.com,Programmer,2022-10-31,44,"Phoenix, AZ",357-714-9849
16,Barbara Wilson,barbara.wilson@example.com,Content Writer,2022-09-02,57,"San Francisco, CA",593-771-5223
17,Michael Johnson,michael.johnson@example.com,Sales Manager,2023-02-12,32,"San Antonio, TX",614-565-3152
18,Mary Lopez,mary.lopez@example.com,Marketing Manager,2023-06-04,46,"Austin, TX",477-951-1038
19,Lisa Jones,lisa.jones@example.com,Reporter,2023-02-04,54,"New York, NY",284-602-2205
20,Elizabeth Thomas,elizabeth.thomas@example.com,Certified Public Accountant,2022-04-29,65,"Columbus, OH",480-884-4181
21,William Rodriguez,william.rodriguez@example.com,Video Editor,2022-11-15,27,"Fort Worth, TX",312-323-4580
22,William Davis,william.davis@example.com,General Practitioner,2022-03-19,25,"Austin, TX",517-442-1834
23,Nancy Lopez,nancy.lopez@example.com,Aerospace Engineer,2023-12-13,44,"Dallas, TX",427-995-3140
24,Nancy Garcia,nancy.garcia@example.com,Court Reporter,2022-03-20,50,"Houston, TX",680-949-2750
25,Linda Thomas,linda.thomas@example.com,Reporter,2023-07-24,31,"Los Angeles, CA",365-645-4167
26,Patricia Davis,patricia.davis@example.com,Auditor,2022-12-21,65,"Phoenix, AZ",359-202-8229
27,Richard Rodriguez,richard.rodriguez@example.com,UI Designer,2023-02-13,64,"Austin, TX",717-932-2092
28,Elizabeth Thomas,elizabeth.thomas@example.com,Management Consultant,2023-05-08,60,"Jacksonville, FL",799-757-5489
29,Anthony Wilson,anthony.wilson@example.com,Full Stack Developer,2022-08-20,29,"Columbus, OH",655-690-8081
30,Anthony Miller,anthony.miller@example.com,Pharmacy Technician,2022-10-01,46,"Fort Worth, TX",797-481-4582
31,Elizabeth Davis,elizabeth.davis@example.com,Content Writer,2022-02-26,47,"Los Angeles, CA",591-491-3324
32,Joseph Garcia,joseph.garcia@example.com,Medical Doctor,2023-11-03,26,"San Francisco, CA",395-758-9802
33,Anthony Davis,anthony.davis@example.com,Chef,2022-02-24,28,"San Diego, CA",964-360-9477
34,James Rodriguez,james.rodriguez@example.com,Dentist,2023-01-16,62,"Boston, MA",724-341-6280
35,Matthew Williams,matthew.williams@example.com,Legal Assistant,2023-03-08,26,"Chicago, IL",774-931-2283
36,Betty Miller,betty.miller@example.com,Industrial Engineer,2023-03-02,60,"San Francisco, CA",817-926-3787
37,Patricia Brown,patricia.brown@example.com,IT Consultant,2022-07-28,59,"San Antonio, TX",544-985-3187
38,Patricia Lopez,patricia.lopez@example.com,Data Engineer,2023-11-13,42,"Chicago, IL",546-271-2196
39,Joseph Martinez,joseph.martinez@example.com,Veterinarian,2023-09-29,25,"Philadelphia, PA",246-479-5038
40,James Johnson,james.johnson@example.com,Instructor,2022-06-13,28,"Seattle, WA",229-413-9826
41,Robert Hernandez,robert.hernandez@example.com,Civil Engineer,2023-04-02,33,"San Diego, CA",496-790-6252
42,Lisa Jones,lisa.jones@example.com,Financial Analyst,2023-05-07,52,"Houston, TX",873-623-3227
43,Karen Garcia,karen.garcia@example.com,Sales Representative,2022-12-24,53,"Denver, CO",715-756-3756
44,James Johnson,james.johnson@example.com,Machine Learning Engineer,2022-12-01,30,"Seattle, WA",761-236-7918
45,Betty Miller,betty.miller@example.com,User Interface Designer,2022-07-22,62,"San Diego, CA",207-319-7423
46,Mary Anderson,mary.anderson@example.com,Business Development Representative,2022-06-22,56,"Jacksonville, FL",257-970-7610
47,Robert Williams,robert.williams@example.com,Financial Analyst,2023-04-11,30,"Phoenix, AZ",616-452-1225
48,Richard Hernandez,richard.hernandez@example.com,Operations Manager,2022-09-29,27,"Indianapolis, IN",462-370-3353
49,Joseph Williams,joseph.williams@example.com,UX Designer,2022-09-26,63,"Dallas, TX",522-812-3985
50,Mary Johnson,mary.johnson@example.com,Attorney,2022-07-10,57,"Indianapolis, IN",209-775-9432
51,Robert Johnson,robert.johnson@example.com,Judge,2022-02-01,58,"Indianapolis, IN",734-839-4082
52,William Martinez,william.martinez@example.com,School Administrator,2023-05-06,52,"Phoenix, AZ",976-564-2214
53,Christopher Williams,christopher.williams@example.com,Marketing Analyst,2022-08-17,47,"Columbus, OH",412-471-8116
54,Barbara Anderson,barbara.anderson@example.com,General Practitioner,2023-02-01,62,"Columbus, OH",325-896-3048
55,David Wilson,david.wilson@example.com,Doctor,2022-05-09,64,"Columbus, OH",757-352-7400
56,Elizabeth Taylor,elizabeth.taylor@example.com,Pharmacist,2022-07-02,60,"San Diego, CA",429-765-3423
57,Betty Jones,betty.jones@example.com,Teacher,2022-01-29,60,"New York, NY",951-781-4273
58,Matthew Thomas,matthew.thomas@example.com,User Experience Designer,2023-04-26,58,"Indianapolis, IN",385-724-1079
59,Christopher Davis,christopher.davis@example.com,Teacher,2022-07-23,48,"Chicago, IL",860-926-7655
60,Christopher Thomas,christopher.thomas@example.com,Dental Hygienist,2023-12-18,50,"New York, NY",359-326-7609
61,Karen Anderson,karen.anderson@example.com,Systems Engineer,2023-01-04,27,"Indianapolis, IN",587-221-7036
62,John Williams,john.williams@example.com,UX Designer,2022-05-09,39,"Denver, CO",822-756-4179
63,Jessica Lopez,jessica.lopez@example.com,Medical Doctor,2023-09-04,47,"Denver, CO",383-968-3001
64,Linda Jones,linda.jones@example.com,RN,2022-11-29,54,"Fort Worth, TX",337-378-4707
65,Christopher Miller,christopher.miller@example.com,Curriculum Developer,2022-01-29,35,"Charlotte, NC",471-403-4655
66,David Wilson,david.wilson@example.com,Software Developer,2022-03-16,30,"Dallas, TX",234-854-1863
67,Michael Rodriguez,michael.rodriguez@example.com,Quantitative Analyst,2023-12-31,26,"Fort Worth, TX",448-924-1155
68,Karen Miller,karen.miller@example.com,Financial Accountant,2023-02-06,48,"Seattle, WA",902-499-6751
69,Nancy Smith,nancy.smith@example.com,Chef,2022-08-08,62,"Dallas, TX",920-705-1315
70,Anthony Davis,anthony.davis@example.com,Real Estate Broker,2023-11-27,29,"Phoenix, AZ",866-755-9496
71,Jennifer Taylor,jennifer.taylor@example.com,Sales Manager,2022-02-23,28,"Denver, CO",525-395-3009
72,Nancy Hernandez,nancy.hernandez@example.com,Project Manager,2023-04-25,64,"Denver, CO",612-833-9540
73,Anthony Anderson,anthony.anderson@example.com,Principal,2023-05-05,28,"San Antonio, TX",512-802-2866
74,William Taylor,william.taylor@example.com,Architectural Designer,2023-02-07,58,"San Francisco, CA",705-488-8364
75,Jennifer Smith,jennifer.smith@example.com,Veterinarian,2023-05-22,64,"San Francisco, CA",902-415-5033
76,Richard Jones,richard.jones@example.com,Sales Manager,2022-07-19,56,"Jacksonville, FL",446-466-9569
77,Christopher Davis,christopher.davis@example.com,Aerospace Engineer,2023-10-31,60,"New York, NY",352-522-1090
78,Jennifer Anderson,jennifer.anderson@example.com,Product Manager,2023-11-23,38,"Phoenix, AZ",395-563-5500
79,James Miller,james.miller@example.com,Account Executive,2023-05-09,64,"San Diego, CA",975-433-5534
80,Daniel Jones,daniel.jones@example.com,Quantitative Analyst,2022-06-21,55,"Houston, TX",243-539-5150
